port_name,ship_count
St,169
W. C. Africa,54
ST,50
W,13
Trehiguier,10
Parrsborough,10
Wilmington,10
Pyterlaks,10
Snaroen,10
Wederlaks,10
Magdalen River,9
Ship Harbour,9
Tabasco,9
Essviken,9
Pontaven,9
Pont L'Abbe,9
"Shediac, N.B.",9
Montreal and Quebec,9
Caraminal,9
Sada,9
Ahus,9
ARCHANGEL,9
Harburg,8
Helsingborg,8
Bridgwater,8
Douarnenez,8
Soon,8
St. P'burg,8
Wifsta Warf,8
Paskallavik,8
Bindalen,8
Caraquet,8
Ornskjoldvik,8
Bay de Verte,8
Camarinas,8
"Musquash, N.B.",8
Lisbon,8
"Richibucto, N.B.",8
"Campbellton, N.B.",8
Ramvik,8
Halifax and Philadelphia,8
Tupilco,7
Gaspe,7
Bridgewater,7
Taganrog,7
Charlestown,7
Wifstavarf,7
Tillingnabben,7
Lysekil,7
Fredrickshald,7
Drag,7
"Weymouth, N.S.",7
Forsgrund,7
"Buctouche, N.B.",7
"Yarmouth, N.S.",7
Uto,7
"Brunswick, Ga.",7
Schiedam,7
Solstadstrom,7
Sando,7
Odense,7
"Portland, Me.",7
Ny Carleby,6
Wiscasset,6
Summerside,6
Ekenas,6
Havana,6
Svano,6
Barahona,6
Lockno,6
Weymouth,6
Parrsbro',6
F'stadt,6
Southampton,6
Louvain,6
Oskarshamn,6
Brahestad,6
Wiborg,6
Treguier,6
"Sheet Harbour, N.S.",6
Konigsburg,6
"Ship Harbour, N.S.",6
"Campbeltown, N.B.",6
Hull,6
Warburg,6
Old Harbour,6
Jerfed,6
Grand Pabos,6
"Economy, N.S.",6
Berbice,6
Brazil,6
Campbeltown,6
Nystad,6
"Portland, O.",6
Brunne,6
West Point,6
Skein,6
"Portland, M.",6
SWARTWIK,6
Christianopel,6
Twedestrand,5
Stolpemunde,5
Akyab,5
Sandiefiord,5
Cocagne,5
Fredrickshamn,5
Sherbrooke,5
New Ross,5
Rusoer,5
Dalkarlsa,5
Hornefors,5
Betsiamitz,5
N. York,5
Brahestadt,5
Belon,5
P. E. Island,5
"Liscombe, N.S.",5
Tlacotalpam,5
Meschers,5
Grimsby,5
Corcubion,5
Concarneau,5
Furnogrund,5
Trondhjem,5
Honfleur,5
Aland,5
Port Louis,5
Harg,5
Cherbourg,5
"St. John, N B.",5
"Charlotte Town, P.E.I.",5
"Portland, Maine",5
Alexandria,5
"Hillsboro', N.B.",5
Audierne,5
Binic,5
Berggvara,5
Oregrund,5
Makslaks,5
Cape Tormentine,5
LIBAU,5
Knysna,5
Acorn Yd,5
Panillac,5
Orkedalsoren,4
Lyngoer,4
Punta Arenas,4
Hobart Town,4
Ostrand,4
Fredriksham,4
Nedercalix,4
Northport,4
Galway,4
Caraquette,4
Fredrickshaldt,4
Cork,4
San Domingo,4
Frontera,4
R. Bernard,4
Xiansand,4
Noya,4
Wiener,4
Muhlgraben,4
Villa Garcia,4
St. Ignace,4
"Sackville, N.B.",4
Bay of Islands,4
Christianople,4
"Bridgwater, N.S.",4
"Guysboro', N.S.",4
Landgangen,4
Pernaviken,4
Vancouver's Island,4
Faon,4
Vlaardingen,4
Savenas,4
St. Lucia,4
Esbjerg,4
Sanda,4
"Sherbrooke, N.S.",4
Ulfvik,4
"Campbelltown, N.B.",4
Bremerhaven,4
Stavanger,4
Newport,4
Karlscrona,4
Koping,4
Vivero,4
Papenburg,4
Orkedalen,4
Puget Sound,4
Abus,4
St. Simons,4
Santa Eugenia,4
St. Margaret's Bay,4
Barcelona,4
"Harvey, N.B.",4
FRONTERA,4
PUERTO PLATA,4
Freigo,4
Millwall Dk,4
Christensen,3
Liverpool,3
Tatamagouche,3
Honduras,3
Gamla Carleby,3
Canada,3
Calais,3
Wistawarf,3
Axmar,3
Prince Edward Island,3
Landskrona,3
Gaboon,3
Levanger,3
Horten,3
Randers,3
Stockazog,3
Five Islands,3
Soraker,3
Picton,3
Hangesund,3
Nyham,3
Limerick,3
Altona,3
Yarmouth,3
Barnstaple,3
Waya,3
Skutakar,3
Port-au-Prince,3
Ronneby,3
Cardiff,3
Poole,3
Phila,3
G'burg.,3
Dantzio,3
Gamla Karleby,3
Stockavik,3
Oak Bay,3
Saltkallan,3
"Chatham, N. B.",3
Bruges,3
St. Ana,3
Halsoen,3
Santa Cruz,3
Bellon,3
Xinestad,3
W. Indies,3
Xtiansand,3
Camarina,3
Alfredsham,3
Dago,3
Fritzoe,3
"Halifax, N.B.",3
"Charleston, S.C.",3
Guysborough,3
"Caraquet, N.B.",3
"St. John's, N.F.",3
Puerto Plata,3
Nevis,3
Baltic,3
Jordan River,3
Ystad,3
River St. Lawrence,3
Leque,3
Mesquer,3
Valparaiso,3
"Jordan River, N.S.",3
Bjornsborg,3
"Bridgewater, N.S.",3
River Quelle,3
Ulenborg,3
"Charleston, U.S.",3
Java,3
"St. Margaret's Bay, N.S.",3
"Pugwash, N.S.",3
St. Eugenia,3
Rodestrand,3
Africa,3
Lilla Vartan,3
"Cocagne, N.B.",3
Marie,3
Vera Cruz,3
Landscrona,3
"St John, N.B.",3
Cuxhaven,3
Barquero,3
"Boston, U.S.",3
Skutekar,3
"Norfolk, Va",3
Karlstad,3
Byake,3
Gustafshamn,3
Halifax and Baltimore,3
"Port Royal, S.C.",3
Christiania and Gothenburg,3
Stavarf,3
Elsinore,3
Trieste and Fiume,3
Astoria,3
"North Port, N.S.",3
Metane,3
Nantes and Bordeaux,3
St. Simon's,3
Ursvik,3
Bilbao,3
Obbola,3
Tillingenabben,3
Kalajoki,3
PUNTA ARENAS,3
West Coast Africa,3
Cologne,3
Rio Janeiro,3
Villa garcia,3
Nykjobing,3
MANZANILLO,3
New Brunswick,3
Nordkoping,3
Western,3
Axim,3
Grindstone Island,3
"Portland, Me",3
"St. John, N B,",3
Lavender Dk,3
Pyttis,2
Svartwik,2
Bonny,2
New River,2
Para,2
Cape Lopez,2
Nynamn,2
.,2
Leer,2
Faaborg,2
Denmark,2
P,2
N,2
Haynasch,2
Georgetown,2
Launig,2
Pillan,2
Gothenborg,2
Windart,2
Tlatocalpan,2
Dorchester,2
Vesteras,2
Ullanger,2
Sandswell,2
West Coast of Africa,2
Risver,2
Tusket,2
Chepstow,2
ends,2
Morant Bay,2
Hietanen,2
Slitehamn,2
Risoe,2
Tain,2
Livingston,2
Fredericksvoern,2
Sodertelje,2
Nyvick,2
St. P'burg.,2
Wicklow,2
Dublin,2
Jemtosund,2
Wybor,2
St. Servan,2
N. Orleans,2
Drogheda,2
Milford,2
Marma,2
Olskoldsvick,2
Tillinge,2
Nyborg,2
St. Anna,2
Swartvick,2
Gefle and Skutskar,2
Hakkala,2
Kungsgarten,2
Luguvik,2
Klampenborg,2
San Cyprian,2
Gidebacha,2
Emil,2
Stockvik,2
Rander,2
Haynash,2
F'kstad,2
Penzance,2
Luarca,2
Sannes,2
Newfoundland,2
IN,2
Alfredshamn,2
Croisic,2
Xnia,2
Ablafors,2
"Oak Bay, N.B.",2
Langangen,2
Colbergermunde,2
"Parrsborough, N.S.",2
Waija,2
Johannesvik,2
Areachon,2
"Beaufort, S.C.",2
Egersund,2
"St. Mary's, Georgia",2
Baddeck,2
Hennebout,2
Skutvik,2
Tornes,2
Alvik,2
Eloby,2
Eatonville,2
"Sheet Harbour, N.B.",2
Zaza,2
Halmestrand,2
Caramenal,2
"Brunswick, Georgia",2
Le'que,2
Legue,2
Antigua,2
Launay,2
Canarinas,2
Cabenda,2
Portsal,2
Katthammaravik,2
Trehiguer,2
"Joggins, N.S.",2
St. Petersburg Town,2
Stocks,2
Framnas,2
Boston and Halifax,2
Minititlan,2
Kaurnussaari,2
Katthammarsvik,2
Grand Palios,2
Sundarne,2
St. Vaast,2
Stenkjar,2
Rennes,2
Aux Cayes,2
Syra,2
Bolsta,2
Simon,2
Remers,2
ahead,2
Wolgast,2
Halleta,2
Wifsta,2
Aux,2
Riscer,2
Demarara,2
Droback,2
Beaufort,2
Fredikshald,2
St. John. N.B.,2
"St. Johns, N.B.",2
Cabarete,2
Marin,2
Asbacks,2
Throndjem,2
Roscoff,2
Fredriksbald,2
Swinemunde,2
Pierreville and Quebec,2
"Alma, N.B.",2
Pont Neuf,2
"Liverpool, N.S.",2
Port Hill,2
Granville,2
Dronthiem,2
Orleans,2
Darklkahn,2
Sundvik,2
Fredrikshamm,2
"Bangor, U.S.",2
Economy,2
Anna,2
"New Richmond, N.B.",2
Geschwister,2
"Portland, U.S.A.",2
'Hambro',2
Sandifjord,2
Almeria,2
and,2
Presto,2
St. John N.B.,2
Guysboro',2
Hakala,2
Caraminas,2
Dramn,2
Levo,2
Anga,2
Holms,2
Alloa,2
Por,2
Mculmein,2
BayVerte,2
"Picton, N.S.",2
Horsens,2
Monsteraas,2
Fischer,2
-Riga,2
Passages,2
Kragerroe,2
Hofvid,2
"Hillbrough, N.S.",2
Archachon,2
Orient,2
Klintsham,2
Asunder,2
Eriksdal,2
Dramman,2
Henneboat,2
Throndhjem,2
Loient,2
"Bathurst, Gulf of St. Lawrence",2
Le Tremblade,2
Oreground,2
Grundvik,2
Bio,2
Panama,2
Hafendamm,2
Lu'ea,2
Nortelge,2
Marstrand,2
Maja,2
Boroka,2
Cagliari,2
Bergquara,2
Filtvedt,2
Kohlboda,2
Curacoa,2
Foxe,2
MEMEL,2
Norfolk and Newport News,2
"Pictou, N.B.",2
Fredrikvoern,2
Puebla del Caraminal,2
Axmarby,2
Luvia,2
Liban,2
Drangsund,2
Boncan,2
Mayaguez,2
Hofund,2
Sapilo,2
Lofvik,2
Kotja,2
Pernovik,2
Russia,2
Risby,2
Repola,2
"Axim, W.C. Africa",2
Nouvelle,2
Exploits Bay,2
"Cutting, Ground",2
Hernebont,2
"Norfolk, VA.",2
Tromblade,2
Westervick,2
Jacksonville,2
"Sapelo, Ga",2
"Hopewell Cape, N.B.",2
-,2
Namso,2
Cristinestad,2
"Sapelo, Ga.",2
Onkedalsorn,1
Zanzibar,1
Papenberg,1
Olofsford,1
River Saguenay,1
Kothka,1
Esborg,1
Corfu,1
Bolderaa,1
John,1
Gallsta,1
Dohlkarsla,1
Lower Lauenburg,1
Port Saunders,1
Skonwick,1
Carlisle Bay,1
Windsor,1
Kungshamn,1
Mabon,1
Lepreux,1
Soraka,1
Kungsbacka,1
Grand Bay,1
Narrkoping,1
Hernefors,1
Sunds Bolog,1
Milk River,1
Whyncomah,1
Paris,1
Smyrna,1
teak,1
Wanks River,1
Batavia,1
Mogensen,1
Dobay,1
H,1
Ch,1
Ko,1
Mahone Bay,1
Newburgh,1
Ranmo,1
Aruskjoldvick,1
Bureo,1
Vitea,1
Nyburg,1
Flekkiefiord,1
Laguno,1
Boutouche,1
Arehangel,1
City of Son,1
Sourabaya,1
Sandeflord,1
Delfshaven,1
Champion Bay,1
Vamsos,1
Troon,1
Christine,1
Hantsport,1
Westawaif,1
Pontorson,1
Alufors,1
Skepfovik,1
Levarger,1
Bjneborg,1
Borgo,1
lathwood,1
Salsburg,1
Santander,1
Saltock,1
Ferdinandina,1
Hoenash,1
Frederikshall,1
Kimouski,1
Russoar,1
Rika,1
Robertshor,1
Niedercallix,1
Kopmanholman,1
Sundabolay,1
Reonneby,1
Draget,1
Port Glasgow,1
Sunnas,1
Pearl River,1
Sandioford,1
Herre,1
Oxarhaven,1
Dobery,1
Nossi Be,1
Fort Cortes,1
Vesta,1
Wava,1
Cimbritshamn,1
Sjune,1
Mass,1
Mose,1
Katka,1
Sandssund,1
Nyrvik,1
Petea,1
Ostrana,1
Vegesack,1
Ornskolksvik,1
Ruchee,1
Njvik,1
deals,1
Asbacker,1
Forsly Ham,1
Drebak,1
Milsamvig,1
Ulindaw,1
Lauivg,1
Nassau Tonala,1
Tignish,1
Curagoa,1
Tapilco,1
Lagunade,1
Matawa,1
East Port,1
Three Islands,1
Ship Harbour N,1
Rio Hacha,1
Joannesund,1
Laurrig,1
Stege,1
Risier,1
Wefsel,1
Frangsound,1
Cronstudt,1
Windaw,1
Orendal,1
Klasviken,1
Vefser,1
Wardoe,1
Frederiksen,1
Sundsvoern,1
Vardo,1
Sandefurd,1
Christianstadt,1
Wisbey,1
Biornebora,1
Oscar,1
Middlepart,1
"driving streams upon which this market depends are still very discouraging as to the probabilities of getting the logs. The prospects of the Menominee and other streams tributary to Green Bay, are really not so encouraging as a few weeks ago, as logs on the first",1
Satilla,1
Bisor,1
Tiansand,1
Milsemvig,1
Sandiefurd,1
Luhe,1
Uddowalla,1
Table Bay,1
Attona,1
Velsen,1
Aleyn,1
Halix,1
Borde,1
Gothenburg and Cronstadt,1
Bordeaux via London,1
Flekkifiord,1
pitwood,1
You-ford,1
Bidon,1
timber,1
Toreforg,1
oak staves,1
Parrshow,1
Sauris,1
Bawik,1
Bordeaux vid London,1
Caneron,1
Bayvert,1
Salvesen & Co,1
Ornskoldsvit,1
Hansta,1
Bideford,1
Brest pitwood,1
Bath,1
Calileo,1
Saffi,1
Three Sisters,1
Balnarte,1
Port Cortes,1
Bassein,1
Hudicksvall,1
Frederikshaldt,1
Nyvic,1
Shulu,1
New Carlisle,1
British Columbia,1
Hyvik,1
Orkidulsken,1
Aberdeen,1
Nytorp,1
Rambak,1
Newry,1
Hulst,1
Cumberland Basin,1
Matanzas,1
Bjorn-borg,1
Tredestrand,1
Drangsoud,1
Ar-ndal,1
Co,1
Kersvik,1
Cunbushamn,1
Helmstadt,1
Bennetts & Co,1
Dort,1
Soladstrom,1
Adler,1
Bloody Bay,1
Charlotte Town P,1
Maccaw,1
Yallahs,1
Campechi,1
Klintehamn,1
Inverness,1
Hayle,1
Ogmore Co,1
Vardoe,1
"St. George, N.B.",1
Soraki,1
F'dericksvoern,1
Arno Ansag,1
F'stad.,1
"Shulee, N.S.",1
Away,1
Stutshoda,1
Nadoscha,1
Fogelvik,1
Huddickwall,1
Sach Kallan,1
Carany,1
Archangl.,1
Riv. Plate,1
"Cocaigne, N.B.",1
Serpa,1
Balto,1
Bordx.,1
V'garcia,1
Bannesund,1
Xiana,1
Bjornstorm,1
Utanigo,1
Bjornemann,1
Holsta,1
Stockvick,1
Galeatacka,1
Torneadal,1
Karhula,1
Manzanilla,1
Udewalla,1
Gamlastadt,1
Ytlersfors,1
Vancouver I.,1
Chicontima,1
Scholocklea,1
F' stad,1
White Sea,1
St. Cyprian,1
Penascola,1
Ship Harbor,1
Ornskavik,1
Gothenb'g,1
Forsabyham,1
Kylom,1
Harne,1
Dronning,1
Ruthula,1
Dame d'Esperance,1
Gedeabuella,1
Esurken,1
"Shemogue, N.B.,",1
"Oak Bay, N.B.,",1
E. Pascagoula,1
Manzanillo,1
Frederiksvorn,1
Svenesund,1
Fowstkage,1
Clare Castle,1
Ahlators,1
Schippswick,1
Christina,1
Louise,1
Peter and Paul,1
Rafsa,1
H'bont,1
Clare,1
Belle Isle,1
X'sand,1
G'stadt,1
Areudal,1
Treaniskow,1
Coastwise,1
Fahrsund,1
Bergrara,1
Comarina,1
Lymington,1
Brunchausen,1
Go'burg,1
F'drikstvoern,1
F'driksvoern,1
F'dksvoern,1
G'brg,1
Pont Aven,1
Gotterburg,1
Pernaw,1
Solstastrom,1
Timmernabbem,1
B'torpshamn,1
Stutsboda,1
Colbjornsen,1
Frederiksham,1
Oskarn,1
Laurvigen,1
Swante,1
Arend,1
Bannow,1
Domejo,1
Hudiksval,1
Langronna,1
Dungarvon,1
Vigo,1
Held,1
"Tidnish, N.S.",1
Lorkno,1
Botornshamn,1
St. Mary,1
Esperanza,1
Leontine,1
Johan,1
Raumea,1
Skeppevik,1
Skippevik,1
Kallio,1
P. E I.,1
Puerta Cortes,1
"Annapolis, N.S.",1
Trontero,1
Dahlkarlsa,1
"Norfolk, N.S.",1
Stockssag,1
Kiga,1
Kioja,1
Solsatsen,1
Molde,1
Lockne,1
Stockvig,1
higa,1
Grainsland,1
Stoess,1
Ornswall,1
Storka,1
Castropol,1
Dwarf,1
Mona's Isle,1
T. W. Allen,1
Alfred,1
Margarethe,1
Fridrikstadt,1
"Auckland, N.Z.",1
Canterbury,1
Bersiamitz,1
Melchers,1
Torre del Greco,1
Sheliac,1
Quega,1
Carde,1
Jamacia,1
Tracadie,1
Itiga,1
Goth,1
Melbu,1
"Pascagoula, N.S.",1
"Bay de Verte, N.B.",1
Parabobo,1
Turkey,1
Porto Plata,1
Green Island,1
Ceara,1
Tangror,1
Bolsiamitz,1
Mesen,1
"Musquash, N. B.",1
City of Domingo,1
San Pedro,1
Gudingen,1
Salstrom,1
Madsen,1
Gebens,1
Huelva,1
Legne,1
Cameret,1
Baronne,1
Puerto Cabello,1
"Cornwallis, N.S.",1
"Fort Royal, U.S.A.",1
und,1
Corronne,1
W.C.Africa,1
"Moncton, N.B.",1
"Coatzcoalcos, Mexico",1
"Charlottetown, P E.I.",1
Fuen,1
Swinesund,1
Bjornberg,1
Satilla River,1
Wisner,1
Greytown,1
Lules,1
Carrol,1
kar,1
"Tatamagouche, N.B.",1
Steel Harbour,1
Fr. Laxa,1
St. George's,1
Baraharia,1
Josephine,1
Ruetouche,1
Domjo,1
Moller,1
Londorgroen,1
Dantric,1
Ipswich,1
St. Clair,1
Parell,1
"props, birr",1
Herr,1
Miramichi York,1
Santa Cruz de Cuba,1
"Weymouth, N S.",1
Santa Cruz del Sur,1
Harbour,1
"Yarmouth, N.B.",1
Ljurne,1
Stenviker,1
app,1
Pierville,1
Murray,1
Dranklippan,1
Borgn,1
Sod rhamn,1
Fecamp,1
Kaumussan,1
Frankhald,1
Abyu,1
Wjsby,1
Upsal,1
"Five Islands, N.S.",1
Lower Kalix,1
"Parraboro', N.S.",1
Amo,1
Strathbogie,1
Noskey,1
Eggesund,1
Elsfleth,1
Rounshy,1
Lyrgoer,1
Landsburg,1
Harborg,1
Ha,1
Waawa,1
Oxford,1
St. Jago,1
Savona,1
Gopaulpore,1
Neva,1
Fernavik,1
Itzehoe,1
Fredriksvoarn,1
Concarnean,1
Tresukstea,1
Kurrachee,1
France,1
Billien,1
Penze,1
Stettin and Gothenburg,1
"Halifax, N.",1
Trondjem,1
"Gibara, Cuba",1
Moum,1
Porsgrand,1
Anciola,1
Lysekvil,1
Leroy,1
Hosnas,1
Margretha,1
Red Creek,1
Aguste,1
Uamarina,1
Porgrun,1
Prince Edward's Island,1
Vinje,1
Monsquodoboit,1
Ancona,1
Cherril,1
City St. Domingo,1
Mazatlan,1
"St. Marzonell's Bay, N.S.",1
Helsingfors and Kotka,1
"Summerside, P.E.I.",1
Billiers,1
Caramanal,1
Gothenburg and Fredrikstad,1
"Tignish, P.E.I.",1
"Weymouth, U.S.",1
Musquodoboit,1
Fredericksham,1
Enoch,1
Kingsgar,1
Lang,1
Bstaiamitz,1
Kingsgarden,1
Langoer,1
Nvhann,1
Klippe,1
Hallstavik,1
Ballsta,1
Cayo,1
"Savannah, Georgia",1
Johannesnass,1
WORKING MACHINERY.,1
"The finest floors are said to be seen in Russia. For those of the highest grade, tropical woods are exclusively employed. Fir and pine are never used, as in consequence of their sticky character they attract and retain dust and dirt, and thereby soon become blackened. Pitch pine too is liable to shrink, even after being well seasoned. The mosaic wood floors in Russia are of extraordinary beauty. One, in the Summer Palace, is of small squares of ebony inlaid with mother",1
Stedumas,1
Stromness,1
Lugnooh,1
Pukakirk,1
Coconada,1
Plata,1
Gotherburg,1
Dahlkarls,1
Skepps,1
Krageoe,1
Stockholm and Sundswall,1
Faan,1
Naaka,1
Rockport,1
Gidenbacka,1
Rio de la Hache,1
Emnbodd,1
Elsberg,1
Rorgqvara,1
Adelaide,1
Forman,1
Tadansoe,1
Ralso,1
Ardenal,1
Dantsic,1
Kvlorn,1
Aveiro,1
Benjamin River,1
Hall's Bay,1
Murray Harbour,1
Botorpshamn,1
Pasquet,1
Point Wolf,1
Mestis,1
Workebaur,1
Baur,1
"Storung, Gothland",1
Sagua,1
Higge,1
Twillingate,1
Oregon,1
Apple River,1
"Annapolis, N. S.",1
"Elohey, W.C. Africa",1
Vlaarbingen,1
Sederhamn,1
Storvig,1
Hennel ont,1
Duppe,1
"Port Royal, W.I.",1
Saltholmen,1
Jacques River,1
Varel,1
St. Brie ux,1
Qvartvik,1
Catterina,1
Stoka,1
Viria,1
Adolph Michel,1
Stooka,1
"Parrsbro', N.S.",1
"Windsor, U.S.",1
"Littleton, N.Z.",1
"Oak Bay, N.S.",1
"Gothenburg, Christinia, and Drammen",1
Cocaigne,1
"Sheet Harbour, U.S.",1
"Caraquet, D.C.",1
Sault au,1
St. Mary River,1
"Rio Hacha, U.S.",1
"Cedar Keys, U.S.A.",1
La Faon,1
"Baddeck, C.B.",1
Hussein,1
"St. Mary's, N.S.",1
Johannadal,1
Idefjord,1
Wismar,1
Preston,1
Kannissan,1
Fauley,1
Fataholm,1
Nycarleby,1
Ornskoldswik,1
Strangon,1
"Parrsbro', N.T.",1
Batirken,1
Klampenburg,1
Danovara,1
Kungagarden,1
Bjorknas,1
Kor gaborg,1
Fatvik,1
Langen,1
Frederikahald,1
Stranjo,1
Koppvik,1
Lappmanholmen,1
"Pugwash, N.B.",1
Kathammaravik,1
Carlahamn,1
Rofso,1
Stenkjaer,1
Hill,1
Barrow,1
Kannissaari,1
Arundal,1
Sunderstag,1
Familie,1
Borja,1
Dolphin,1
Laing,1
Rodbertus,1
"Hampton, Jamaica",1
Snarven,1
Reunion,1
Augusta,1
"Norfolk, Var.",1
E. Indies,1
Kraeroe,1
Rangsound,1
Cadiz,1
Thompson,1
Throndsjem,1
"Green Island, Jamaica",1
Rio Grande do Sul,1
"Savannah, U.S.",1
Girl,1
Cornelius,1
Elburg,1
Faekenburg,1
Cape Hayti,1
Savanilla,1
Le Faou,1
Girgenti,1
New Port,1
Svinocr,1
Elobey,1
Wiswall,1
Rodon,1
Benie,1
Allen,1
Ljuene,1
Aagaards,1
Hartmann,1
Fredenstrand,1
GRATEFUL AND COMFORTING.,1
Urvik,1
Holmen,1
Karlruhs,1
St. Montreal,1
Fredriksval,1
Binie,1
Port Louise,1
Svinor,1
in,1
Porthonis,1
Rangers,1
Hartvik,1
Danzie,1
Port of Darien,1
Calmo,1
Owari,1
Kannessauri,1
Sorga,1
Ornoviken,1
Grand Palls,1
Grand Pablos,1
Cubucto,1
Ytterafors,1
Hamn,1
Franceville,1
Calabar,1
Tagonrog,1
"Port Medway, U.S.",1
Champoten,1
Burrard's Inlet,1
Kon'gsberg,1
Vlardingen,1
Germany,1
"Port Royal, S.E.",1
Hollen,1
Alderney,1
Holm,1
Hower,1
Caderona,1
Aamaes,1
Falkenb'g,1
Parisienne,1
Domsjo and Nordsmalings,1
K. Tor,1
Bomarsund,1
Ulea,1
Lilla Warten,1
Vances,1
Utoo,1
"Digby, N.S.",1
Stralsund,1
"Guysboro,' N.S.",1
Botorphshamn,1
Frostkorge,1
Sandfiord,1
Herte,1
Nivero,1
Emilie,1
Essequibo,1
Gidenbacha,1
Grinsted,1
Trenberth,1
Carlstad,1
Port Medway,1
"St. John, N.P.",1
Gymer,1
N.B.,1
Killeviken,1
Halifax and Portland,1
Hommelvig,1
Maramham,1
Patoum,1
Missouri,1
Samarang,1
Treffenberg,1
Portland Maine,1
Karleby,1
"Spencer's Island, N.S.",1
"Newport, Va.",1
Dorkt,1
Lyngoor,1
San lefjord,1
Oploe,1
Grangemouth,1
"Richmond, Va.",1
Leopold,1
Dumfries,1
Aussig,1
Parahyba,1
Delfhaven,1
Gloucester,1
"Herring Neck, N.fld.",1
Wycoomagh,1
Bjornkas,1
Economy Point,1
Visero,1
"Drysdale, N.B.",1
Three Towns,1
Borggvara,1
Hernhamn,1
Woolwich,1
St.,1
Schabk,1
Kannissaru,1
"Salo, Abo",1
Quella,1
Sietwende,1
Gala,1
Lilla Varten,1
Broke,1
Omsach,1
Miramishi,1
Now York,1
Now Orleans,1
Poston,1
"Newport News, V.",1
Montrose,1
"past two o'clock, and at that time the first floor was well alight. Several manuals were promptly on the spot, and all round the building, and it was with such rapidity that in a short time the efforts of the firemen were successful. The shops of Mr. J. H. Ashton, a picture",1
O xe osund,1
"Ny, Karleby",1
Forrsogrund,1
Calix,1
"Windsor, N.S.",1
Frostkage,1
Maranham,1
Donlin,1
Scarsport,1
Parrsborough N.S.,1
Oronstadt,1
Werbeback,1
Drng,1
Theophile,1
Sulina,1
Guantanamo,1
Derby,1
Rockabema,1
Aviles,1
Drambak,1
Falkonberg,1
Esvik,1
Kopmanhalmon,1
"New York, U.S.",1
"Cardigan, P.E.I.",1
Trimsaran,1
Saints,1
Kimovski,1
Halista,1
"St. John's, Newfoundland",1
Key West,1
Maraham,1
Bolax,1
Grop,1
"Charleston, N.S.",1
P.E. Island,1
Haab,1
"Tapia, Spain",1
"Mobile, Ala.",1
Gotheaburg,1
from Halifax,1
Fredrikvaern,1
Rugewalde,1
Badeck,1
Rosetta,1
Helmsund,1
Housie,1
Klampenberg,1
Australia,1
"Sheliac, N.B.",1
Norvik,1
Morliax,1
Stockholm and Rafso,1
Backmann,1
"Sheet Harbour, Canada",1
Monksund,1
Stockholm and Soderhamn,1
Ahla,1
Fre.irikshald,1
Nybamn,1
Lervik,1
"Sheet Harbour, N. B.",1
"Economy, N.B.",1
Karenhdel,1
"Portland, Oregon",1
Princesses,1
Nora,1
"Port Medway, N.B.",1
"Wilson appeared in this case, on Saturday last, in the Queen's Bench Division, before Mr. Justice Cave and Mr. Baron Pollock, on behalf of the defendants, on appeal against an order made by Mr. Justice Field, at Chambers, refusing to allow them to amend the writ in the action by adding the name of one Donald as a co",1
Nafso,1
Benodet,1
Revel,1
Sastmola,1
"Baltimore, U.S.A.",1
Guernsey,1
"Newport News, Va",1
Fredriksvorn,1
"West Bay, U.S.",1
Hushgoik,1
Arthur,1
Orotastadt,1
Geila,1
Inverleith Windau,1
Paquebot de Brest,1
New O.leans,1
River,1
Oromocto,1
"Economy, U.S.",1
Avonmouth,1
Port au,1
Franck,1
"Bay Verte, Montreal",1
Rano,1
Horseno,1
Hillsborough N.B.,1
Neder Kalix and Sweden,1
Salvator,1
Cochon,1
St. Paul's Bay,1
Borrga,1
"St. John, N.B",1
Swarwik,1
"Moser River, N.S.",1
Torneouen,1
Mosane,1
Naskee,1
Corcarneau,1
"Economy Point, Nova Scotia",1
Miller,1
Mera,1
Lefjefjord,1
Hernosan,1
Hernosand and Stockholm,1
Skouvik,1
Jule,1
Batekarnas,1
Salis,1
Holsingfors,1
Thomas,1
Almvik,1
Carlberg,1
Arenos,1
Hjorthammar,1
Ronne,1
Rilgedahl,1
Aaland,1
Fiume and Trieste,1
Solvetsburg,1
Gefle and Sandarne,1
Valvig,1
Westering,1
Sutcliffe,1
"Newport News, Va.",1
Wiken,1
Ahlo,1
Solstradstrom,1
Treshchow,1
Ljughorn,1
Petersen,1
Atu,1
Asbecka,1
Bredvik,1
Sundawall,1
Strommas,1
Murphy,1
Halax,1
Fide,1
Pat,1
Merlaix,1
Bay Chaleur,1
"MILL COMPANY, Johnstone Saw",1
Spencer Island,1
Pikkala,1
Mone,1
Guttstrom,1
Rosa,1
C. Helsingfors,1
Wergeland,1
Fordeux,1
Barkivig,1
Nastor,1
Harnae,1
Pont L Abbe,1
Lieutenant von Witzleben,1
Harnas and Gefle,1
Finklipsan,1
Vordingborg,1
Kaanessari,1
Onega and Soroka,1
"New Mills, N.B.",1
Rorvik,1
Bay Verts,1
Whycocomah,1
"mill work and saving fuel. Its prompt, certain, self",1
Rorso,1
Hanskalaete,1
Otto,1
Swansea,1
Richibuoto,1
West B.,1
"Nynamn, Soderhamn",1
Ed,1
"Nvhamn, Soderhamn",1
"Hillsboro', N.S.",1
Paskllavik,1
Koy,1
"Economy Point, N.S.",1
Hirschberg,1
Belle,1
Svendborg,1
Port Larralde,1
Naskaske,1
Suudswall,1
Poragrund,1
Villegrain,1
Langangfjord,1
Last week several accidents occurred at Mr. Statham's saw,1
"five years since it was proved possible to make practical use of wrapping papers from wood, and since then the manufacture of wood",1
"Charleston, S.O.",1
Oaen,1
Beraimis,1
"Chatham, N B.",1
Harmas,1
Morennes,1
"Trieste, Fiume",1
Halifax and Boston,1
Slingso,1
St. Annes des Montes,1
Rod,1
Dahl,1
"Brunswick, U.S.",1
Ida,1
Warborg,1
Bonga,1
de,1
Pontecost,1
Pernosand,1
Kolboden,1
Gaarp,1
Ratan,1
Marstal,1
Haslsta,1
past seven o'clock on Saturday evening in the saw,1
Stocka and Skelleftea,1
Larva,1
Nyhaun,1
Skuthamn,1
Sandoo,1
"Port Royal, U.S.",1
Parva,1
Angorn,1
ui,1
sleepers,1
Lauenburg,1
Saltkallen,1
Breme,1
Dansig,1
St. Orleans,1
Fiano,1
Urvoiken,1
Kjlorn,1
Kjorn,1
Kaunessari,1
Norrtelge,1
Nova Scotia,1
on,1
ON,1
Vallagareia,1
Covesec,1
Rochehon,1
Faenerhaur,1
Rowntrees,1
Pensaco'a,1
Riser,1
Frey,1
Fredrikehald,1
Hambeschow,1
Ste. Marie,1
Jones,1
Ringarde,1
St.Trojan,1
Oscarshamp,1
St. Estophe,1
Corunra,1
Pesta,1
"Gold River, N.S.",1
Ponsacola,1
Sundal,1
Bjornvik,1
Aastad,1
FRITZOE,1
Workoback,1
Radon,1
qty. staves,1
Landswall,1
Wifstawarf and Skonvik,1
Osoarshamn,1
Paimboeuf,1
Nersuoes,1
from Hernosand,1
Largs,1
Bjornsund,1
Salaro,1
Bjorhnas,1
St. Peter,1
Kannisaari,1
St. Trogan,1
Sidekaviken,1
Anker,1
Lorenz,1
Carl,1
Dragerce,1
La Rochefort,1
Fredriksund,1
Langessund,1
Wanerk,1
Forresborough,1
"St. John, Halifax",1
Bjorkna,1
Christie,1
Hulf,1
Boya,1
Narvik,1
Vadro,1
Christiaria,1
Tyedestrand,1
Ivetofta,1
Soderkoping,1
Lavia,1
Helgenas,1
"Parrsboro', N.B.",1
Dyno,1
Hernosen,1
Vallo,1
Udbyhoi,1
Blaze,1
"St, John, N.B.",1
Cap Lopez,1
Hassvik,1
Gothenburg and Warberg,1
Kisoer,1
Paspebiac,1
St. Eugenie,1
Hillsboro',1
Sourabayo,1
Montevideo,1
Victoria,1
St. Ann's Bay,1
Svelarg,1
ford,1
Palermo,1
Pasages,1
Bullriver,1
Lalaja,1
Sandetjord,1
Kobe,1
Aroachon,1
Parlamar,1
Hennebon,1
Hommebrik,1
Chri,1
W. C. O. Africa,1
Lagos,1
Esquimalt,1
Belise,1
Oran,1
"Portland, Ma.",1
Hillsborough,1
Tell,1
Byxke,1
Sundewall,1
MADAGASCAR,1
Uleabo'g,1
Malja,1
Maija,1
Hennebent,1
iRga,1
Westerik,1
Soperhamn,1
Tredes'rand,1
Nyw York,1
Wiscer,1
-Wifstawarf,1
Abbola,1
Gibraltar,1
De Brodre,1
Norwegian,1
Cape Chat,1
Monastir,1
W.O. Africa,1
Halsc,1
Maros,1
Dragsvik,1
Soderhamn nd Iggesund,1
Askersund,1
Torsfors,1
"S. John, N.B.",1
Hannah,1
Beaver Point,1
St. Petersburg and Cronstadt,1
Sorel,1
La Vera Cruz,1
River Plate,1
Arohamn,1
Pigeholm,1
Esacger,1
Parr.boro,1
Lunde,1
Ornekj,1
Burso,1
Vyborg,1
Finkklippan,1
Grundsvik,1
"Harvey, N.B",1
Havnefjord,1
Parsbro',1
"Doboy, U.S.A.",1
Galle,1
Kongsmo,1
Peterlaks,1
Torafors,1
OUT OF PACKING,1
"MILL, PORT",1
Madagascar,1
Ramso,1
Bo deaux,1
Oscarsbamn,1
et Madeline,1
Moss and Holmestrand,1
Charles,1
Triesto,1
tein,1
Cobourete,1
"Geraldton, W.A.",1
Colmar,1
L. H. Carl,1
hamn,1
Oarril,1
Puebla de Caraminal,1
Anderini,1
et,1
Fayal,1
Svelvik,1
Calder,1
Dyreberg,1
Meta,1
Zic,1
Crorstadt,1
Werkebeck,1
Drama,1
PRESTO,1
Belbur,1
Frankfort,1
St Brieux,1
Fran,1
"Brunswick, Geo.",1
Sodernamn,1
Pernambuco,1
"Grindestone Island, N.B.",1
"Darien, Ga.",1
Syske,1
Konigsborg,1
Kragerce,1
Sleipner,1
Norfolk News,1
Suimper,1
Douarnenes,1
Royan,1
W. C. of Africa,1
W. O. of Africa,1
Bennett,1
Muolsund,1
Sapelo Sound,1
Newcast'e,1
Bergsviken,1
Szarson,1
Macane,1
Svartson,1
Cat Island,1
Lieutenant von Wetzleten,1
Port Audierne,1
"St. Simon's, Florida",1
Tlacatalpam,1
TLACOTALPAM,1
Delftshaven,1
Parnham,1
Snaeroen,1
Barohona,1
Biga,1
Hillsbro',1
town Demerara,1
Wood,1
Toroes,1
Wansvik,1
Algiers,1
Ca'cutta,1
from San Domingo,1
Sudroen,1
Cheshire,1
Jorfed,1
Sapuo,1
Sundt,1
Brabestad and Rafso,1
B.ahestadt,1
Port Blair,1
OABARETTE,1
Anray,1
Freijo,1
Carnac,1
Sapso,1
Savernaes,1
Framfors,1
Marieborg,1
Grange,1
"We have received from the office, and saw",1
Soderkopling,1
"West Point, Va.",1
"Port Royal, U.S.A.",1
Brewers Lagoon,1
Botwoodville,1
Betsimis,1
Elfrego,1
Norrvik,1
Bernard,1
Cap Lopaz,1
S. W. Africa,1
"Rockingham, W A",1
Randers and Fredrikshavn,1
Mentz,1
"Stugsund, Soderhamn",1
FIUME,1
Saint Domingo,1
Santanter,1
Edense,1
Gaston,1
Cape Haitien,1
Fuime,1
"Liscomb, N.S.",1
Bristol,1
Noderkalix,1
Sundsvik,1
Whitby,1
Uraskoldsvik,1
Gotheby,1
Fredriksta't,1
Haliered,1
Ny Kopparberg,1
Karten,1
"Christiania, Laurvig, and Arendal",1
Karholm,1
Djupviken,1
Rendsburg,1
"The cargo of pit props ex Martha, from Christiania, reported last week to the Gritton Coal Co., were for Mr. T. Atkinson, of Newcastle",1
Wilhelmshaven,1
"Parrsborough, N S.",1
Kong,1
"Halifax, U S",1
Boleo,1
Las Palmas,1
Eliser,1
Sundsore,1
Arcnangel,1
"Alne, Ornskjoldsvik",1
Snaroen and Christiania,1
"dressing are seen in cases equally or more striking than the evils of denuding the roots of the smallest, portion of soil. It is too often forgotten in top",1
Hall,1
Olofstors and Gefle,1
Cronstadt and Wyborg,1
Ostersjon,1
Norrsund,1
Ambro',1
Hawkins,1
"St. John, N B",1
"St John, N B",1
Muhlgraven,1
Murray Bay,1
twyth,1
Chatham N B,1
Rask,1
Pjelax Kasko,1
Frederiksoern,1
Sornas Helsingfors,1
Tvede,1
Montreal via London,1
"St John, NB",1
Mauritzberg,1
"West Bay, N S",1
Kaunussari,1
Port Laurvig,1
Arsachons,1
"Fritzoe, Laurvig",1
Odense and Fredrikshamn,1
Labarette,1
Aimee,1
Langford,1
Odense and Norrkoping,1
Onen,1
Hadoen,1
Bergsund,1
Smartvik,1
Churchbridge,1
Skjoldvik,1
St. Alfred,1
St. Charles,1
Stohka,1
Liscomb Harbour,1
Bjorko,1
Fano,1
Rugenwald,1
Strand,1
Hudikowall,1
Porto Rico,1
d in their devastating wars. The ay be seen almost all round the sea,1
Norrtelje,1
Hudikswal',1
Verte,1
County,1
Kemel,1
"St. Thomas, Quebec",1
at,1
CAPE BRETON,1
Parrsboroug,1
TRUXILLO,1
Montreal and Three Rivers,1
CRONSTADT,1
"west and westerly gales so prevalent in our latitudes, and of the almost universal westerly winds in the North Atlantic, which are, in fact, nothing more than a part of the general system of the reaction of the trades, and of the process which the equilibrium of the earth's motion is maintained under their action. An ordinary observation of trees growing singly, and exposed on a plain or table",1
"Chama, W.C. Africa",1
Myonus,1
Wilalakte,1
Cape,1
Kingero,1
Kasko,1
Christinehamn,1
Fredrikstrand,1
Barrysors,1
Malmstadt,1
Bergen and Stavanger,1
"Axim, W. C. Africa",1
Makslahti,1
Carisvik,1
"Herring Cove, N.S.",1
Herring Cove,1
Roueie Bernard,1
l'Eguille,1
Rugeldine,1
Lake Wetter,1
Janssen,1
Rordeaux,1
Kallera,1
"Alma, N.B",1
Marie Windau,1
Roche Bernand,1
Vanevik,1
"Apalachicola, Fla.",1
South West Africa,1
Port Lannay,1
"Barahona, St. Domingo",1
Chicontine,1
Skutskar and Harnas,1
Halmstrand,1
"Westbay, N.B.",1
Jesfed,1
"Cape Tormentine, N.B.",1
Bersimis River,1
"Santa Ana, Mexico",1
Hilbrungsberg,1
Drago,1
"Portland, Or.",1
"Stromfors, Finland",1
Nykarbley,1
"Charlestown, S.C.",1
Sverre,1
PUGET SOUND,1
Karistad,1
Verona,1
Kramfors and Nordmaling,1
St. Anne des Monts,1
Gothik,1
Jernen,1
Camel,1
"Grand Bay, Saguenay",1
"Algoa Bay, N.B.",1
Linkoping,1
Tadousac,1
Harfvarfeg,1
Brandshamn,1
Ulrich,1
Elma,1
Osbeck,1
Medleaks,1
Ulfsberg,1
Petits Mechins,1
Kerni,1
Sofia,1
L'Eguille,1
"Repola, Finland",1
"St. John, N.S.",1
Grunstad,1
Galatola,1
"Northport, U.S.",1
Batskarnas,1
Freyo,1
Lilla Wartan,1
Kotka and Wyborg,1
Rochelle,1
La Plata,1
Christineatad,1
Rovda,1
W. Donaldson,1
'Orient,1
Fredrik Wilhelm,1
Torngberg,1
Wadstena,1
HERNO-SAND,1
MONTROSE,1
arried about without diffi,1
STROMBORG,1
HERNOSAND,1
Villa Vartan,1
Tonnay Charaute,1
Tonnay Charante,1
Flanders,1
Wadau,1
Norway Yd,1
Cherry Garden Pier,1
Commercial Dk,1
Uthammar,1
Mercury Bay,1
Carammal,1
Carrizal,1
Carrie,1
Arcachin,1
St John N.B.,1
Cortland,1
Aura,1
Arenc,1
Chailles,1
"Norfolk, V.A.",1
Fiskebackskill,1
"Bangkok, via Cadiz",1
Fiskebackskil,1
Cabarati,1
Apeldo,1
"New Orleans to Belfast, trans",1
Tampico,1
Sandifgord,1
Fordeaux,1
W.C.A.,1
Fredestrand,1
Canillac,1
MESANE,1
Homlstrand,1
Windan,1
Setubal,1
Saigon,1
Stronstad,1
Porsholm,1
Wanewik,1
"For the carpenter, slater, and plasterer's work of new dwelling",1
SHARP,1
Helensborg,1
Hernos,1
"Bangor, U.S.A.",1
Iraskjoldsvik,1
Vianna do Castello,1
Lulea and Skelleftea,1
"Christiania, Laurvigdal",1
Darg,1
tran,1
Vienna,1
Bord aux,1
Law,1
Tyne Dock,1
St. John's and Halifax,1
Gothenburg and Fredik,1
Stockholm and Newfair,1
Wilmington N.C.,1
Fijeholm,1
GAMLA KARLEBY,1
WESTERVIK,1
BERGGUARA,1
"spected by forest rangers, whose duty it is to report on the existing state of the proclaimed reserves, control the operations of licensed timber",1
Horningsholm,1
Bonavista,1
Miridan,1
Bunbury,1
Botorp,1
Stad,1
"St. Margaret's Bay, N.S",1
Kaska,1
Go'henburg,1
Luvik,1
Galats,1
Burria,1
Umea and Mo,1
Pansborg,1
Chatham N. B.,1
B. ALMQUIST ... ... ... RED --,1
Helsinborg,1
Lauroig,1
Lahou qty logs and timber sundry consignees,1
"Christiania, etc.",1
Dunkerque,1
Jull,1
Pont l'able,1
Gothenbarg,1
Portland Me.,1
"Halifax, N.S. and St. John, N.B.",1
Rafo,1
of,1
Botorpsham,1
Norrviken,1
Frome,1
L' Orient,1
Person,1
Fredrick,1
Ness,1
Villagareia,1
"Halifax,N.S.",1
Exploit Bay,1
Aby,1
"Boston, U.S.A.",1
"Avonport, N.S.",1
Faxa,1
"Chatham, N B",1
Baie de Verte,1
Pantine,1
Norsholm,1
Yetterfors,1
Narvic,1
Igzesund,1
Ludvig,1
Tweed,1
Borg,1
Warber,1
"W.C. Africa, Forcados",1
Hummelvik,1
Sinowjews,1
"Tusket, N.S.",1
Tornio,1
Sundau,1
Newport Mews,1
"Jacquit River, N.B.",1
"Bangor, Me.",1
"Bangor, Maine",1
"Dariero, G.A.",1
Soderkalix,1
"Halifax, N.S.,",1
Neuvelle,1
Stensborg,1
SANDS,1
LAGOS,1
AXIM,1
Rosbras,1
Fingelholm,1
Norrjelge,1
Awray,1
"Kingston, Jamaica",1
Falkner,1
Margrethe,1
La Trinite,1
Frisketackskil,1
Aahus,1
Monsteros,1
Kannisaarri,1
Marino,1
Warwik,1
Kristianopol,1
Bergqvora,1
Beamerside,1
Stathelle,1
Sandvik and Umea,1
Spruce Deals,1
Dursey,1
Nederkalik,1
Yxpila,1
Rige,1
Chatham N.B.,1
Minde,1
Franton,1
"door work the deliveries of wood continue fairly large, and, were it not for the check given by the great advance in cost, deliveries would no doubt be still larger. Besides the increased cost free",1
